"Nombre","Waze"
"🌄 Cerro Pelón: un mirador secreto en San Ramón con vista al golfo","https://www.waze.com/ul?ll=10.153271%2C-84.62216&navigate=yes"
"🌄 Cerro Urán: El hermano secreto del Chirripó que te roba el aliento","https://www.waze.com/ul?ll=9.48139979252683%2C-83.6128177866233&navigate=yes"
"🌈 Viento Fresco - Tilarán","https://www.waze.com/ul?ll=10.421%2C-84.919&navigate=yes"
"🌲 Cerro Vueltas Lodge: lluvia, senderos y páramo mágico en el Cerro de la Muerte","https://www.waze.com/ul?ll=9.63338333937459%2C-83.8538104164098&navigate=yes"
"🌲 Monte Sky – Cataratas escondidas en Orosí","https://www.waze.com/ul?ll=9.75%2C-83.833&navigate=yes"
"🌿 Cascada Rana Roja: Un paraíso escondido en Platanillo","https://www.waze.com/ul?ll=9.345%2C-83.831&navigate=yes"
"🌿 Catarata San Fernando – Aventura en Cinchona","https://www.waze.com/ul?ll=10.2233867%2C-84.1685722&navigate=yes"
"🌿 Finca Manglar – Sierpe","https://www.waze.com/ul?ll=8.828%2C-83.512&navigate=yes"
"🌿 Reserva Targuá: naturaleza, senderos y piscina natural en Santa Ana","https://www.waze.com/ul?ll=9.89386943050729%2C-84.1882073521964&navigate=yes"
"🌿 Restaurante Senderos: Cataratas, pozas y comida rica en San Ramón","https://www.waze.com/ul?ll=10.1101428%2C-84.5098405&navigate=yes"
"🌿 Talamanca Nature Reserve: 1600 hectáreas de pura aventura en San Gerardo de Rivas","https://www.waze.com/ul?ll=9.89386943050729%2C-84.1882073521964&navigate=yes"
"🍃 La Marta – Naturaleza para todos los niveles en Cartago","https://www.waze.com/ul?ll=9.786%2C-83.686&navigate=yes"
"🏖️ Playa Rosada – Nosara","https://www.waze.com/ul?ll=9.91%2C-85.662&navigate=yes"
"🏖️ Playas de La Cruz – Guanacaste","https://www.waze.com/ul?ll=11.023%2C-85.7&navigate=yes"
"🏝️ Drake – Parte 1: Aventura en la Península de Osa","https://www.waze.com/ul?ll=8.68735808769815%2C-83.7061339&navigate=yes"
"🏞️ Laguna de Plata: picnic, laguito y naturaleza en Heredia","https://www.waze.com/ul?ll=10.0674625%2C-84.0921094&navigate=yes"
"🐎 Cerro Caballito: una joya en las alturas de Guanacaste","https://www.waze.com/ul?ll=10.2642093861971%2C-85.3467290260965&navigate=yes"
"🐒 Refugio de Vida Silvestre Curú – Playas, senderos y bioluminiscencia en Puntarenas","https://www.waze.com/ul?ll=9.776%2C-84.944&navigate=yes"
"🐦 Tierra de Quetzales: senderismo, cascadas y avionetas perdidas en Copey","https://www.waze.com/ul?ll=9.636143%2C-83.85738&navigate=yes"
"🐾 Corcovado – Sector La Leona: una probadita de la selva más intensa del mundo","https://www.waze.com/ul?ll=8.442%2C-83.454&navigate=yes"
"🐾 Esterillos Oeste: pozas, playa y un hotel con piscina en forma de hueso","https://www.waze.com/ul?ll=9.53166948073767%2C-84.4987340290704&navigate=yes"
"🐾 Wildlife Rescue Center (ZooAve) - Un santuario natural en Alajuela","https://www.waze.com/ul?ll=10.012365%2C-84.275541&navigate=yes"
"💎 Las Gemelas Fantásticas – Bajos del Toro","https://www.waze.com/ul?ll=10.251%2C-84.268&navigate=yes"
"💦 Catarata del Río Pozo Azul: Naturaleza salvaje cerca del Caribe","https://www.waze.com/ul?ll=10.371%2C-84.141&navigate=yes"
"💦 Catarata La 28 - Aventura entre potreros y río en Turrialba","https://www.waze.com/ul?ll=9.959%2C-83.716&navigate=yes"
"💦 Catarata Las Trillizas – Turrialba","https://www.waze.com/ul?ll=9.974%2C-83.704&navigate=yes"
"💦 Las Pilas de Parrita – Puntarenas","https://www.waze.com/ul?ll=9.610542%2C-84.321613&navigate=yes"
"💦 Poza El Cañón – Finca San Gerardo, San Ramón","https://www.waze.com/ul?ll=10.033%2C-84.535&navigate=yes"
"💧 Finca San Rafael: pozas esmeralda y un rincón mágico en Toro Amarillo","https://www.waze.com/ul?ll=10.264772%2C-84.263958&navigate=yes"
"🦅 Reserva Indígena Kekoldi – Talamanca","https://www.waze.com/ul?ll=9.657%2C-82.801&navigate=yes"
"🦓 Safari, Canopy y Catarata en La Ponderosa - Liberia","https://www.waze.com/ul?ll=10.556%2C-85.397&navigate=yes"
"Adventure Park","https://www.waze.com/ul?ll=10.082338%2C-84.105642&navigate=yes"
"Agujas – Bijagual: Kayak, Catarata y Atardecer 🔥","https://www.waze.com/ul?ll=9.721%2C-84.65&navigate=yes"
"Albergue Socorro- Colonia Virgen de Socorro","https://www.waze.com/ul?ll=10.279773%2C-84.166817&navigate=yes"
"BAHÍA DRAKE - PUNTARENAS","https://www.waze.com/ul?ll=8.711884%2C-83.66144&navigate=yes"
"Bahía Junquillal: Acampar frente al paraíso en Guanacaste","https://www.waze.com/ul?ll=10.9222222222222%2C-85.7111111111111&navigate=yes"
"Bajos La Paz – Cabalgata a la catarata La Danta 🐎💧","https://www.waze.com/ul?ll=10.166%2C-84.55&navigate=yes"
"BIOLLEY - PUNTARENAS","https://www.waze.com/ul?ll=9.033%2C-83.037&navigate=yes"
"Bosque de la Hoja","https://www.waze.com/ul?ll=10.0769%2C-84.1022&navigate=yes"
"Bosque Del Niño - Grecia","https://www.waze.com/ul?ll=10.133%2C-84.256&navigate=yes"
"Brasilito & Conchal","https://www.waze.com/ul?ll=10.4036923%2C-85.78972&navigate=yes"
"Braulio Carrillo - San José","https://www.waze.com/ul?ll=10.2085702%2C-84.0205802&navigate=yes"
"Bribri (Tours de Cacao y Cataratas Volio/Maqui)","https://www.waze.com/ul?ll=9.6263047%2C-82.8525167&navigate=yes"
"Buceo - Isla del Caño","https://www.waze.com/ul?ll=8.869%2C-83.471&navigate=yes"
"CAHUITA - Limón","https://www.waze.com/ul?ll=9.729%2C-82.811&navigate=yes"
"Cahuita - Parque Nacional Cahuita","https://www.waze.com/ul?ll=9.7751411%2C-82.7387587&navigate=yes"
"Caminata Manuel Antonio","https://www.waze.com/ul?ll=9.424%2C-84.158&navigate=yes"
"Caminata Río Cajón - Coronado","https://www.waze.com/ul?ll=9.9767306%2C-84.0079501&navigate=yes"
"Caminos de Osa","https://www.waze.com/ul?ll=8.417%2C-83.279&navigate=yes"
"CANOA HAWAIANA AGUJAS","https://www.waze.com/ul?ll=9.721%2C-84.65&navigate=yes"
"Cañón de la Vieja – Aventura entre ríos y spa volcánico","https://www.waze.com/ul?ll=10.679%2C-85.451&navigate=yes"
"Cañon del Río Aranjuez","https://www.waze.com/ul?ll=10.0832988%2C-84.729334&navigate=yes"
"Cañón Del Río Parismina - Limón","https://www.waze.com/ul?ll=10.3011648%2C-83.3495507&navigate=yes"
"Canyoning Sitio Mata","https://www.waze.com/ul?ll=9.991%2C-83.677&navigate=yes"
"Carate Península de Osa 1","https://www.waze.com/ul?ll=8.4603583%2C-83.4616237&navigate=yes"
"Cascada Elysiana","https://www.waze.com/ul?ll=9.314%2C-83.83&navigate=yes"
"CASCADA MALATOBA","https://www.waze.com/ul?ll=10.352%2C-83.972&navigate=yes"
"Cascadas Pozo Azul - Colonia del Toro","https://www.waze.com/ul?ll=10.281%2C-84.244&navigate=yes"
"Catamarán Golfo Dulce","https://www.waze.com/ul?ll=8.6040618%2C-83.1133792&navigate=yes"
"CATAMARÁN PLAYA COYOL - Puntarenas","https://www.waze.com/ul?ll=9.6541742%2C-84.6636049&navigate=yes"
"Catarata Ángel Gabriel - San Ramón","https://www.waze.com/ul?ll=10.0910284%2C-84.4703933&navigate=yes"
"Catarata Aquiares ☕💦 | La joya cafetalera de Turrialba","https://www.waze.com/ul?ll=9.933%2C-83.715&navigate=yes"
"Catarata Bijagual","https://www.waze.com/ul?ll=9.7304182%2C-84.5693859&navigate=yes"
"Catarata Cangreja","https://www.waze.com/ul?ll=10.7811%2C-85.3522&navigate=yes"
"Catarata Caño Seco - Turrialba","https://www.waze.com/ul?ll=9.991%2C-83.677&navigate=yes"
"Catarata Chindama – La joya escondida de Guápiles","https://www.waze.com/ul?ll=10.148%2C-83.813&navigate=yes"
"Catarata del Río Blanco – Guápiles, Limón 🌿💦 | Un paraíso oculto digno de National Geographic","https://www.waze.com/ul?ll=10.15%2C-83.816&navigate=yes"
"Catarata del Río Savegre – Magia natural en San Gerardo de Dota 🌿💦✨","https://www.waze.com/ul?ll=9.547%2C-83.811&navigate=yes"
"Catarata del Toro","https://www.waze.com/ul?ll=10.2558%2C-84.2917&navigate=yes"
"CATARATA DIAMANTE – Pérez Zeledón","https://www.waze.com/ul?ll=9.279%2C-83.778&navigate=yes"
"Catarata Dos Novillos 2 - Limón","https://www.waze.com/ul?ll=10.1668658%2C-83.6055732&navigate=yes"
"Catarata El Angel & San Alejo - Siquirres","https://www.waze.com/ul?ll=10.07%2C-83.593&navigate=yes"
"Catarata El Encanto – Esparza 🌊 | Un tesoro escondido entre potreros","https://www.waze.com/ul?ll=9.955%2C-84.64&navigate=yes"
"Catarata El Indio","https://www.waze.com/ul?ll=9.667089%2C-84.374292&navigate=yes"
"Catarata El Paraíso - Grecia","https://www.waze.com/ul?ll=10.141389%2C-84.282222&navigate=yes"
"Catarata El Rey - Puriscal","https://www.waze.com/ul?ll=10.141389%2C-84.282222&navigate=yes"
"Catarata El Rey (Zapatón)","https://www.waze.com/ul?ll=9.693564%2C-84.33936&navigate=yes"
"Catarata El Salto de Gamalotillo","https://www.waze.com/ul?ll=9.607497%2C-84.443024&navigate=yes"
"CATARATA EL SANTUARIO - TURRIALBA","https://www.waze.com/ul?ll=9.9067054%2C-83.6800512&navigate=yes"
"Catarata El Tigre Monteverde","https://www.waze.com/ul?ll=10.3744369%2C-84.8315369&navigate=yes"
"Catarata La Bruja - Bonilla Turrialba","https://www.waze.com/ul?ll=9.9067054%2C-83.6800512&navigate=yes"
"Catarata La Esmeralda","https://www.waze.com/ul?ll=8.8162931%2C-82.9098133&navigate=yes"
"Catarata La Fortuna","https://www.waze.com/ul?ll=10.4436%2C-84.6744&navigate=yes"
"Catarata La Gamalota","https://www.waze.com/ul?ll=10.14847%2C-83.812788&navigate=yes"
"Catarata La Leona","https://www.waze.com/ul?ll=10.7197949%2C-85.4104706&navigate=yes"
"Catarata La Muralla - Turrialba","https://www.waze.com/ul?ll=9.974%2C-83.704&navigate=yes"
"Catarata Las Cortinas","https://www.waze.com/ul?ll=10.0981388%2C-83.5096859&navigate=yes"
"Catarata Las Gemelas","https://www.waze.com/ul?ll=9.68241%2C-84.365022&navigate=yes"
"Catarata Las Golondrinas - Guácimo","https://www.waze.com/ul?ll=10.148%2C-83.67&navigate=yes"
"Catarata Las Nubes - Ciudad Quesada","https://www.waze.com/ul?ll=10.315%2C-84.396&navigate=yes"
"Catarata Las Orquídeas - Guápiles","https://www.waze.com/ul?ll=10.2133499%2C-83.7868871&navigate=yes"
"Catarata Las Palmas - Cerro de la Muerte","https://www.waze.com/ul?ll=9.5278082%2C-83.6987454&navigate=yes"
"Catarata Los Montes","https://www.waze.com/ul?ll=10.1539241%2C-83.6674162&navigate=yes"
"Catarata Los Nogales - Turrialba","https://www.waze.com/ul?ll=9.9067054%2C-83.6800512&navigate=yes"
"Catarata Metaponto","https://www.waze.com/ul?ll=8.7188782%2C-82.9489864&navigate=yes"
"Catarata Nauyaca","https://www.waze.com/ul?ll=9.256347%2C-83.7957434&navigate=yes"
"Catarata Oropéndola","https://www.waze.com/ul?ll=10.7519975%2C-85.380336&navigate=yes"
"Catarata Rio Elia","https://www.waze.com/ul?ll=10.149%2C-83.806&navigate=yes"
"Catarata Río Perla - Siquirres","https://www.waze.com/ul?ll=10.102%2C-83.628&navigate=yes"
"Catarata Salto del Ángel","https://www.waze.com/ul?ll=8.8162931%2C-82.9098133&navigate=yes"
"Catarata Salto La Victoria","https://www.waze.com/ul?ll=9.7034083%2C-84.3978752&navigate=yes"
"Catarata San Gabriel - Pérez Zeledón","https://www.waze.com/ul?ll=9.197848%2C-83.5769671&navigate=yes"
"CATARATA UVITA & PAVON","https://www.waze.com/ul?ll=9.077%2C-83.616&navigate=yes"
"Catarata Valle Encantado - Puntarenas","https://www.waze.com/ul?ll=9.6474653%2C-84.6290484&navigate=yes"
"Catarata Vista Real","https://www.waze.com/ul?ll=9.686%2C-83.936&navigate=yes"
"Cataratas Bribri y Volio","https://www.waze.com/ul?ll=9.6540146%2C-82.7549412&navigate=yes"
"Cataratas de Montezuma","https://www.waze.com/ul?ll=9.65248%2C-85.07232&navigate=yes"
"Cataratas El Congo","https://www.waze.com/ul?ll=10.2937238%2C-84.1860263&navigate=yes"
"Cataratas Los Campesinos - San Lorenzo de Tarrazú","https://www.waze.com/ul?ll=9.457%2C-84.006&navigate=yes"
"Cataratas Namú","https://www.waze.com/ul?ll=9.193%2C-83.558&navigate=yes"
"Cataratas Nauyaca","https://www.waze.com/ul?ll=9.254635%2C-83.8075411&navigate=yes"
"Cataratas Vino Tinto - Santa María de Dota","https://www.waze.com/ul?ll=9.6547803%2C-83.9762093&navigate=yes"
"Centro Deportivo La Florencia - Alajuela","https://www.waze.com/ul?ll=9.965671%2C-84.3437861&navigate=yes"
"Cerro Buena Vista - San José","https://www.waze.com/ul?ll=9.4303353%2C-83.8418845&navigate=yes"
"Cerro Caricias – Bosque mágico cerca de la ciudad 🌿✨","https://www.waze.com/ul?ll=9.6547803%2C-83.9762093&navigate=yes"
"Cerro Chirripó – Ruta San Jerónimo 🌄","https://www.waze.com/ul?ll=9.466%2C-83.597&navigate=yes"
"Cerro Chirripó por San Gerardo – La cumbre más alta de Costa Rica","https://www.waze.com/ul?ll=9.463842%2C-83.601301&navigate=yes"
"Cerro Dantas en Heredia: Caminata con cataratas y selva nublada","https://www.waze.com/ul?ll=10.086%2C-84.072&navigate=yes"
"CERRO DRAGÓN - ASERRÍ","https://www.waze.com/ul?ll=9.752%2C-84.133&navigate=yes"
"Cerro El Encanto - San Buenaventura","https://www.waze.com/ul?ll=10.173%2C-84.73&navigate=yes"
"Cerro Ena","https://www.waze.com/ul?ll=9.3675%2C-83.4291667&navigate=yes"
"Cerro Espíritu Santo - Naranjo","https://www.waze.com/ul?ll=10.0850398%2C-84.4065428&navigate=yes"
"Cerro Indio Jupa Plana - Acosta","https://www.waze.com/ul?ll=9.8000005%2C-84.1580225&navigate=yes"
"Cerro Iztarú - Tres Ríos","https://www.waze.com/ul?ll=9.895%2C-83.975&navigate=yes"
"Cerro La Asunción","https://www.waze.com/ul?ll=9.5666667%2C-83.7333333&navigate=yes"
"Cerro Ojo De Agua & Catarata La Maravilla","https://www.waze.com/ul?ll=9.752%2C-84.138&navigate=yes"
"Cerro Pelado: Aventura de viento, vértigo y vistas lunares en Cañas 🌬️⛰️","https://www.waze.com/ul?ll=10.381%2C-85.007&navigate=yes"
"Cerro Tinajitas – ¡Vistas de otro planeta en San Ramón! 🌄","https://www.waze.com/ul?ll=10.011%2C-85.504&navigate=yes"
"Cerro Tortuguero","https://www.waze.com/ul?ll=10.5839603%2C-83.5274727&navigate=yes"
"Cerro Utyum - Buenos Aires","https://www.waze.com/ul?ll=9.1672952%2C-83.3308421&navigate=yes"
"Cerro Yarcazú – Puriscal 🌿⛰️","https://www.waze.com/ul?ll=9.682%2C-84.631&navigate=yes"
"Ciudad Esmeralda","https://www.waze.com/ul?ll=10.2732727936082%2C-84.4357294134919&navigate=yes"
"Copey Estate Winery - San José","https://www.waze.com/ul?ll=9.62859085943718%2C-83.9132095926017&navigate=yes"
"Cráter La Olla y Cerro Pasqui","https://www.waze.com/ul?ll=9.93398%2C-83.854759&navigate=yes"
"Cruce Golfo Dulce en Kayak 🌊🐬 – Aventura salvaje en el paraíso más azul de Costa Rica","https://www.waze.com/ul?ll=10.551%2C-85.7&navigate=yes"
"Cruz de Alajuelita & Cerro Cedral – Un amanecer épico en las montañas de Escazú 🌄🥾🔥","https://www.waze.com/ul?ll=9.893%2C-84.121&navigate=yes"
"Depósito Libre Comercial de Golfito","https://www.waze.com/ul?ll=8.6475548%2C-83.1786244&navigate=yes"
"Dos Novillos – Limón: aventura en la selva hasta una catarata de 40 metros 🌿","https://www.waze.com/ul?ll=10.104%2C-83.655&navigate=yes"
"Drake Bay (Bahía Drake)","https://www.waze.com/ul?ll=8.7046659%2C-83.6550131&navigate=yes"
"ECOCHONTALES - PÉREZ ZELEDÓN","https://www.waze.com/ul?ll=9.352%2C-83.844&navigate=yes"
"El Bus Místico - Heredia","https://www.waze.com/ul?ll=10.087%2C-84.079&navigate=yes"
"El Caballón y El Morrón - Sarapiquí","https://www.waze.com/ul?ll=10.316967%2C-83.9929944&navigate=yes"
"El Iral Bosque Nuboso","https://www.waze.com/ul?ll=9.995778%2C-83.923981&navigate=yes"
"EL POCERÓN PROVIDENCIA DOTA","https://www.waze.com/ul?ll=9.686%2C-83.936&navigate=yes"
"El Puerto - Puntarenas","https://www.waze.com/ul?ll=9.2169531%2C-83.336188&navigate=yes"
"Escalada Cachí - Cartago","https://www.waze.com/ul?ll=9.825635%2C-83.8022149&navigate=yes"
"Escape Poasito","https://www.waze.com/ul?ll=10.167224%2C-84.184391&navigate=yes"
"Espino Blanco - Turrialba","https://www.waze.com/ul?ll=9.9067054%2C-83.6800512&navigate=yes"
"Estación Biológica La Selva - Sarapiquí","https://www.waze.com/ul?ll=10.4232682%2C-84.0220298&navigate=yes"
"Estación Biológica Las Cruces - San Vito","https://www.waze.com/ul?ll=8.7853325%2C-82.9592657&navigate=yes"
"Extreme Forest Park Providencia de Dota","https://www.waze.com/ul?ll=9.607497%2C-84.443024&navigate=yes"
"Finca 6 Maravillas - San José","https://www.waze.com/ul?ll=9.84843308331072%2C-84.3699628650028&navigate=yes"
"Finca Bellavista – ¡Dormí en una casa del árbol en medio de la selva! 🌳🏡🌿","https://www.waze.com/ul?ll=8.771%2C-83.222&navigate=yes"
"Finca del ICE: Sendero natural cerca de San José","https://www.waze.com/ul?ll=9.939%2C-83.975&navigate=yes"
"Finca Don Pachi","https://www.waze.com/ul?ll=9.8852915%2C-84.0299601&navigate=yes"
"Finca Dos Ríos","https://www.waze.com/ul?ll=10.245539%2C-84.276283&navigate=yes"
"Finca La Alemana","https://www.waze.com/ul?ll=10.16525%2C-83.885572&navigate=yes"
"Finca La Cayetana","https://www.waze.com/ul?ll=9.869015%2C-84.004725&navigate=yes"
"Finca La Colasa","https://www.waze.com/ul?ll=10.099247%2C-84.120233&navigate=yes"
"Finca La Lucha","https://www.waze.com/ul?ll=9.7177259%2C-83.9844147&navigate=yes"
"Finca Libertad Pura - San Ramón","https://www.waze.com/ul?ll=10.091%2C-84.533&navigate=yes"
"Finca Los Rodríguez - Grecia","https://www.waze.com/ul?ll=10.0739464%2C-84.3147572&navigate=yes"
"Finca Los Vientos - Santa Ana","https://www.waze.com/ul?ll=9.74424628482136%2C-83.9258325683341&navigate=yes"
"FINCA POZA GUÁCIMO - Pococí","https://www.waze.com/ul?ll=10.473523%2C-84.0167423&navigate=yes"
"Finca Retos del Irazú","https://www.waze.com/ul?ll=9.947326%2C-83.878105&navigate=yes"
"Finca San Gerardo","https://www.waze.com/ul?ll=10.033%2C-84.535&navigate=yes"
"Finca Vikingos","https://www.waze.com/ul?ll=10.061259%2C-84.135562&navigate=yes"
"Gavilán: Termales escondidos entre lluvia y queso artesanal","https://www.waze.com/ul?ll=10.881%2C-85.352&navigate=yes"
"Golfito – Más que electrodomésticos, ¡un paraíso de naturaleza marina! 🐋🌴","https://www.waze.com/ul?ll=8.604%2C-83.113&navigate=yes"
"GuanaGlamp Huacas","https://www.waze.com/ul?ll=10.3451487%2C-85.7723592&navigate=yes"
"GUIONES & PELADA","https://www.waze.com/ul?ll=9.946%2C-85.671&navigate=yes"
"Hornillas – Volcán Miravalles","https://www.waze.com/ul?ll=10.713%2C-85.177&navigate=yes"
"Humedal Nacional Térraba-Sierpe","https://www.waze.com/ul?ll=8.8966888%2C-83.473969&navigate=yes"
"Isla Chiquita","https://www.waze.com/ul?ll=9.839773%2C-84.894481&navigate=yes"
"Isla Jesusita","https://www.waze.com/ul?ll=9.83%2C-84.904&navigate=yes"
"Isla San Lucas (Antiguo Penal)","https://www.waze.com/ul?ll=9.9424707%2C-84.9082245&navigate=yes"
"Isla Tortuga","https://www.waze.com/ul?ll=9.768619%2C-84.8930975&navigate=yes"
"Iyok Ami","https://www.waze.com/ul?ll=9.6393747%2C-83.8420437&navigate=yes"
"Jacó & Herradura - Puntarenas","https://www.waze.com/ul?ll=9.6541742%2C-84.6636049&navigate=yes"
"Jardín Botánico Lankester","https://www.waze.com/ul?ll=9.8403%2C-83.8906&navigate=yes"
"Kayak Isla San Lucas & Golfo","https://www.waze.com/ul?ll=9.8697502%2C-85.0580083&navigate=yes"
"Kinkara - Peréz Zeledón","https://www.waze.com/ul?ll=9.3620866%2C-83.6238521&navigate=yes"
"La Angelina - Cartago","https://www.waze.com/ul?ll=9.9148304%2C-83.9976423&navigate=yes"
"La Ceiba","https://www.waze.com/ul?ll=9.277%2C-83.799&navigate=yes"
"La Leona – Corcovado","https://www.waze.com/ul?ll=8.4603583%2C-83.4616237&navigate=yes"
"La Lucha - San José","https://www.waze.com/ul?ll=9.719722%2C-83.981389&navigate=yes"
"LA TIGRA SAN CARLOS - ALAJUELA","https://www.waze.com/ul?ll=10.5506353%2C-84.77646&navigate=yes"
"Lago Arenal & Laguna Cote","https://www.waze.com/ul?ll=10.505%2C-84.922&navigate=yes"
"Laguna Congo","https://www.waze.com/ul?ll=10.2831%2C-84.2153&navigate=yes"
"Laguna de Colores","https://www.waze.com/ul?ll=9.995778%2C-83.923981&navigate=yes"
"Laguna Fraijanes - Alajuela","https://www.waze.com/ul?ll=10.1256309%2C-84.1911489&navigate=yes"
"Laguna Hule (Refugio Bosque Alegre)","https://www.waze.com/ul?ll=10.2911%2C-84.2081&navigate=yes"
"Laguna Manuel & Cerro de la Muerte – Santa María de Dota","https://www.waze.com/ul?ll=9.689%2C-83.978&navigate=yes"
"LANGOSTA TAMARINDO - Guanacaste","https://www.waze.com/ul?ll=10.2992746%2C-85.8371058&navigate=yes"
"Las Eólicas de Santa Ana","https://www.waze.com/ul?ll=9.882%2C-84.187&navigate=yes"
"LAS PIEDRITAS - PIEDADES DE SANTA ANA","https://www.waze.com/ul?ll=9.928%2C-84.225&navigate=yes"
"Llanos de Cortés: Catarata con playita escondida y poza secreta en Bagaces, Guanacaste 💦🌴","https://www.waze.com/ul?ll=10.524%2C-85.298&navigate=yes"
"Locos por el Bosque - Coronado","https://www.waze.com/ul?ll=10.031%2C-83.935&navigate=yes"
"Los Chorros – Grecia 🌟 Una joya natural a solo hora y media de San José","https://www.waze.com/ul?ll=10.055%2C-84.279&navigate=yes"
"Macaw Lodge - Turrubares","https://www.waze.com/ul?ll=9.7283892%2C-84.518639&navigate=yes"
"Manuel Antonio y Catarata El Salto","https://www.waze.com/ul?ll=9.397%2C-84.16&navigate=yes"
"Maquengue - Siquirres","https://www.waze.com/ul?ll=10.07%2C-83.616&navigate=yes"
"Marina Bahía Golfito: Aventura, Naturaleza y Lujo en el Golfo Dulce","https://www.waze.com/ul?ll=8.63750239516913%2C-83.1687149319156&navigate=yes"
"Marina Pez Vela (Quepos)","https://www.waze.com/ul?ll=9.4264177%2C-84.1687194&navigate=yes"
"Mi Refugio","https://www.waze.com/ul?ll=9.74424628482136%2C-83.9258325683341&navigate=yes"
"Minas de Hacienda el Rodeo - San José","https://www.waze.com/ul?ll=9.9143307%2C-84.2419551&navigate=yes"
"Mirador del Miro (Jacó)","https://www.waze.com/ul?ll=9.5957875%2C-84.6178967&navigate=yes"
"MIRADOR FINCA DEL ICE - CARTAGO","https://www.waze.com/ul?ll=9.8638091%2C-83.9161935&navigate=yes"
"MISTICO PARK - LA FORTUNA","https://www.waze.com/ul?ll=10.49%2C-84.754&navigate=yes"
"Montañas de Cariblanco","https://www.waze.com/ul?ll=9.8853678%2C-84.1667114&navigate=yes"
"Monteverde Parte 1","https://www.waze.com/ul?ll=10.312%2C-84.818&navigate=yes"
"Monteverde Parte 2","https://www.waze.com/ul?ll=10.362%2C-84.804&navigate=yes"
"MONTEZUMA - Puntarenas","https://www.waze.com/ul?ll=9.6713187%2C-85.0701001&navigate=yes"
"Monumento Nacional Guayabo","https://www.waze.com/ul?ll=9.9709673%2C-83.6950458&navigate=yes"
"Museo de AWA","https://www.waze.com/ul?ll=9.648853%2C-84.410856&navigate=yes"
"Oasis con sabor a Aguacate","https://www.waze.com/ul?ll=9.966%2C-84.473&navigate=yes"
"OCEAN RANCH","https://www.waze.com/ul?ll=9.581%2C-84.543&navigate=yes"
"Oikoumene: Un refugio natural en Ochomogo, Cartago","https://www.waze.com/ul?ll=9.9159487%2C-83.9513826&navigate=yes"
"OLÁN - PUNTARENAS","https://www.waze.com/ul?ll=9.278%2C-83.205&navigate=yes"
"OPEN WATER - Playas del Coco","https://www.waze.com/ul?ll=10.534%2C-85.633&navigate=yes"
"Orchid Garden","https://www.waze.com/ul?ll=9.991443%2C-84.30743&navigate=yes"
"Oxygen Jungle Villas: Un pedacito de Bali en las montañas de Uvita","https://www.waze.com/ul?ll=9.19177187320897%2C-83.7279286779103&navigate=yes"
"PACUARE","https://www.waze.com/ul?ll=9.938%2C-84.091&navigate=yes"
"Palo Verde: Humedales, senderos y vida salvaje en Guanacaste","https://www.waze.com/ul?ll=10.345967%2C-85.33654&navigate=yes"
"Paracaídas en Quepos 🪂 | La locura más tuanis desde el cielo","https://www.waze.com/ul?ll=9.425476%2C-84.112895&navigate=yes"
"Paraíso de Manantiales, Río Cuarto - Grecia","https://www.waze.com/ul?ll=10.302%2C-84.243&navigate=yes"
"Paraíso Quetzal Lodge","https://www.waze.com/ul?ll=9.6443782%2C-83.8503199&navigate=yes"
"Parque Internacional La Amistad","https://www.waze.com/ul?ll=9.4268969%2C-83.129712&navigate=yes"
"Parque Nacional Barbilla","https://www.waze.com/ul?ll=9.9427188%2C-83.4280004&navigate=yes"
"Parque Nacional Barbilla","https://www.waze.com/ul?ll=9.972201%2C-83.464265&navigate=yes"
"Parque Nacional Barra Honda","https://www.waze.com/ul?ll=10.1711%2C-85.3481&navigate=yes"
"Parque Nacional Carara","https://www.waze.com/ul?ll=9.7900999%2C-84.5709133&navigate=yes"
"PARQUE NACIONAL CORCOVADO - PUNTARENAS","https://www.waze.com/ul?ll=9.779963%2C-83.843063&navigate=yes"
"Parque Nacional Corcovado - Sector San Pedrillo: Aventura pura en la selva","https://www.waze.com/ul?ll=8.68735808769815%2C-83.7061339&navigate=yes"
"Parque Nacional Corcovado (Sector San Pedrillo)","https://www.waze.com/ul?ll=8.6206666%2C-83.7349954&navigate=yes"
"Parque Nacional Corcovado (Sector Sirena)","https://www.waze.com/ul?ll=8.4805%2C-83.58918&navigate=yes"
"Parque Nacional Isla del Coco","https://www.waze.com/ul?ll=5.5281101%2C-87.0597617&navigate=yes"
"Parque Nacional Juan Castro Blanco","https://www.waze.com/ul?ll=10.2857034%2C-84.3293288&navigate=yes"
"Parque Nacional La Cangreja","https://www.waze.com/ul?ll=9.7034083%2C-84.3978752&navigate=yes"
"Parque Nacional Los Quetzales","https://www.waze.com/ul?ll=9.5666667%2C-83.75&navigate=yes"
"Parque Nacional Manuel Antonio","https://www.waze.com/ul?ll=9.0605046%2C-84.2449917&navigate=yes"
"Parque Nacional Marino Ballena","https://www.waze.com/ul?ll=9.1304772%2C-83.7484997&navigate=yes"
"Parque Nacional Piedras Blancas","https://www.waze.com/ul?ll=8.7028348%2C-83.2779822&navigate=yes"
"Parque Nacional Tapantí","https://www.waze.com/ul?ll=9.7592%2C-83.7844&navigate=yes"
"Parque Nacional Tortuguero","https://www.waze.com/ul?ll=10.4874212%2C-83.3846426&navigate=yes"
"Parque Nacional Volcán Poás","https://www.waze.com/ul?ll=10.198%2C-84.233&navigate=yes"
"Parque Recreativo Universidad para la Paz - El Rodeo, Cantón de Mora","https://www.waze.com/ul?ll=9.922%2C-84.278&navigate=yes"
"Peñón de Guacalillo y Peñón de Tárcoles","https://www.waze.com/ul?ll=9.8195821%2C-84.6625726&navigate=yes"
"Pico Blanco","https://www.waze.com/ul?ll=9.875717%2C-84.141937&navigate=yes"
"Piedra de Fuego – Esparza, Puntarenas","https://www.waze.com/ul?ll=10.013%2C-84.618&navigate=yes"
"Piedra del Minero – Aserrí ⛏️🌄","https://www.waze.com/ul?ll=9.865%2C-84.124&navigate=yes"
"Playa Agujas Norte","https://www.waze.com/ul?ll=10.0267158%2C-85.7369133&navigate=yes"
"Playa Bajo Grande","https://www.waze.com/ul?ll=10.2654722%2C-85.8516074&navigate=yes"
"Playa Balsal","https://www.waze.com/ul?ll=9.625954%2C-84.6541854&navigate=yes"
"Playa Balsitas","https://www.waze.com/ul?ll=9.5691455%2C-85.1166612&navigate=yes"
"Playa Barrigona (Cóbano)","https://www.waze.com/ul?ll=9.9373364%2C-84.9176969&navigate=yes"
"Playa Barrigona (Sámara)","https://www.waze.com/ul?ll=9.8823515%2C-85.5764406&navigate=yes"
"Playa Biesanz","https://www.waze.com/ul?ll=9.553904%2C-83.86586&navigate=yes"
"Playa Bochinche","https://www.waze.com/ul?ll=9.7318429%2C-84.6437868&navigate=yes"
"Playa Bonita (Limón)","https://www.waze.com/ul?ll=10.0098609%2C-83.0634597&navigate=yes"
"Playa Cabuyal","https://www.waze.com/ul?ll=10.6755463%2C-85.6531442&navigate=yes"
"Playa Camarita","https://www.waze.com/ul?ll=10.116045%2C-85.0114448&navigate=yes"
"Playa Carmen","https://www.waze.com/ul?ll=9.6255215%2C-85.1514938&navigate=yes"
"Playa Carrillo","https://www.waze.com/ul?ll=9.8681%2C-85.4858&navigate=yes"
"Playa Chiquita","https://www.waze.com/ul?ll=9.6414105%2C-82.7109576&navigate=yes"
"Playa Conejera - Guanacaste","https://www.waze.com/ul?ll=10.6267399%2C-85.4436706&navigate=yes"
"Playa Coyotera","https://www.waze.com/ul?ll=11.0298546%2C-85.7165893&navigate=yes"
"Playa Cuevas","https://www.waze.com/ul?ll=9.5942361%2C-85.1429154&navigate=yes"
"Playa Dominical","https://www.waze.com/ul?ll=9.2502909%2C-83.8627532&navigate=yes"
"Playa Dominicalito","https://www.waze.com/ul?ll=9.2344184%2C-83.8429333&navigate=yes"
"Playa Doña Ana","https://www.waze.com/ul?ll=9.9563272%2C-84.7390864&navigate=yes"
"Playa Escondida (Jacó)","https://www.waze.com/ul?ll=9.6230496%2C-84.6428834&navigate=yes"
"Playa Escondida (La Cruz)","https://www.waze.com/ul?ll=10.9860849%2C-85.6998969&navigate=yes"
"Playa Espadilla (Quepos)","https://www.waze.com/ul?ll=9.3926157%2C-84.1519766&navigate=yes"
"Playa Espadilla Sur","https://www.waze.com/ul?ll=9.3839353%2C-84.1460104&navigate=yes"
"Playa Esterillos (Oeste, Centro, Este)","https://www.waze.com/ul?ll=9.5267392%2C-84.5022506&navigate=yes"
"Playa Flamingo","https://www.waze.com/ul?ll=10.4389%2C-85.7892&navigate=yes"
"Playa Frijolar","https://www.waze.com/ul?ll=10.0856047%2C-85.7788106&navigate=yes"
"PLAYA GRANDE & MINAS","https://www.waze.com/ul?ll=10.314%2C-85.833&navigate=yes"
"Playa Gringos","https://www.waze.com/ul?ll=10.9105564%2C-85.899811&navigate=yes"
"Playa Guarumo","https://www.waze.com/ul?ll=10.8985674%2C-85.916033&navigate=yes"
"Playa Hermosa (Cóbano)","https://www.waze.com/ul?ll=9.6662298%2C-85.1924656&navigate=yes"
"Playa Hermosa (Jacó - Surf)","https://www.waze.com/ul?ll=9.5740991%2C-84.6034681&navigate=yes"
"Playa Herradura","https://www.waze.com/ul?ll=9.6511798%2C-84.6600503&navigate=yes"
"Playa Icaco","https://www.waze.com/ul?ll=9.8890558%2C-84.7241677&navigate=yes"
"Playa Iguanita","https://www.waze.com/ul?ll=10.6322182%2C-85.6310034&navigate=yes"
"Playa Isidora","https://www.waze.com/ul?ll=8.7242158%2C-83.4670078&navigate=yes"
"Playa Jacó","https://www.waze.com/ul?ll=9.6093133%2C-84.6267353&navigate=yes"
"Playa Lagartillo","https://www.waze.com/ul?ll=10.214954%2C-85.8357414&navigate=yes"
"Playa Macha","https://www.waze.com/ul?ll=9.415768%2C-84.1646469&navigate=yes"
"Playa Malpaís","https://www.waze.com/ul?ll=9.600274%2C-85.1424544&navigate=yes"
"Playa Mansita","https://www.waze.com/ul?ll=10.244751%2C-85.8470989&navigate=yes"
"Playa Mariquita","https://www.waze.com/ul?ll=10.852946%2C-85.8246662&navigate=yes"
"Playa Matapalo (Dominical)","https://www.waze.com/ul?ll=9.3256093%2C-83.9751251&navigate=yes"
"Playa Monte del Barco","https://www.waze.com/ul?ll=10.6085465%2C-85.6410551&navigate=yes"
"Playa Montezuma","https://www.waze.com/ul?ll=9.6566007%2C-85.0652953&navigate=yes"
"Playa Morros","https://www.waze.com/ul?ll=10.9091236%2C-85.9071495&navigate=yes"
"Playa Mostrencal","https://www.waze.com/ul?ll=10.9952175%2C-85.7092528&navigate=yes"
"Playa Muertos","https://www.waze.com/ul?ll=9.7450282%2C-84.9876129&navigate=yes"
"Playa Nance","https://www.waze.com/ul?ll=10.8030291%2C-85.6990234&navigate=yes"
"PLAYA PANAMÁ - GOLFO DE PAPAGAYO","https://www.waze.com/ul?ll=10.5916459%2C-85.6503797&navigate=yes"
"Playa Papaturro","https://www.waze.com/ul?ll=11.0273195%2C-85.6933365&navigate=yes"
"Playa Pavones","https://www.waze.com/ul?ll=8.3951665%2C-83.1375292&navigate=yes"
"Playa Pedregosa (Guanacaste)","https://www.waze.com/ul?ll=10.3779697%2C-85.8455676&navigate=yes"
"Playa Pelada","https://www.waze.com/ul?ll=9.9546799%2C-85.6751755&navigate=yes"
"Playa Penca","https://www.waze.com/ul?ll=10.4622111%2C-85.7764359&navigate=yes"
"Playa Piedra Colorada","https://www.waze.com/ul?ll=9.6611217%2C-85.0589904&navigate=yes"
"Playa Piro","https://www.waze.com/ul?ll=8.3925587%2C-83.3320299&navigate=yes"
"Playa Playita (Quepos)","https://www.waze.com/ul?ll=9.3736695%2C-84.1229917&navigate=yes"
"Playa Pleito","https://www.waze.com/ul?ll=10.0357479%2C-85.7430245&navigate=yes"
"Playa Prieta","https://www.waze.com/ul?ll=10.469157%2C-85.777938&navigate=yes"
"Playa Prieta - Guanacaste","https://www.waze.com/ul?ll=10.6267399%2C-85.4436706&navigate=yes"
"Playa Punta Uva","https://www.waze.com/ul?ll=9.638763%2C-82.6935388&navigate=yes"
"Playa Respingue","https://www.waze.com/ul?ll=10.8567182%2C-85.8449437&navigate=yes"
"Playa Santa Teresa","https://www.waze.com/ul?ll=9.6438065%2C-85.1703544&navigate=yes"
"Playa Suecos","https://www.waze.com/ul?ll=9.6083965%2C-85.1349713&navigate=yes"
"Playa Surco de Piedra","https://www.waze.com/ul?ll=10.1360688%2C-85.7997301&navigate=yes"
"Playa Tambor y Bahía Ballena","https://www.waze.com/ul?ll=9.7175241%2C-85.0169985&navigate=yes"
"Playa Toyosa","https://www.waze.com/ul?ll=10.9828391%2C-85.6953016&navigate=yes"
"Playa Tulemar","https://www.waze.com/ul?ll=9.4077568%2C-84.1635125&navigate=yes"
"Playa Ventanas","https://www.waze.com/ul?ll=9.0898819%2C-83.6767857&navigate=yes"
"Playa Virador","https://www.waze.com/ul?ll=10.649121%2C-85.650508&navigate=yes"
"Playa Vizcaya","https://www.waze.com/ul?ll=9.9163026%2C-82.9894104&navigate=yes"
"Playa Zancudo","https://www.waze.com/ul?ll=8.5158409%2C-83.1363675&navigate=yes"
"Playas Coloradas","https://www.waze.com/ul?ll=10.8605325%2C-85.8561017&navigate=yes"
"Playas del Coco","https://www.waze.com/ul?ll=10.5519%2C-85.6978&navigate=yes"
"Playas Península de Osa","https://www.waze.com/ul?ll=8.417%2C-83.279&navigate=yes"
"Poza La Presa - Colonia del Toro","https://www.waze.com/ul?ll=10.302883%2C-84.247582&navigate=yes"
"Poza Las Gradas - CARTAGO","https://www.waze.com/ul?ll=9.779963%2C-83.843063&navigate=yes"
"POZA LOS ABUELOS - Limón","https://www.waze.com/ul?ll=10.2127003%2C-83.6866091&navigate=yes"
"Poza Los Coyotes","https://www.waze.com/ul?ll=10.7112319%2C-85.4524353&navigate=yes"
"Poza Pénjamo - Ciudad Colón","https://www.waze.com/ul?ll=9.905%2C-84.242&navigate=yes"
"POZO AZUL - SARAPIQUI","https://www.waze.com/ul?ll=10.473523%2C-84.0167423&navigate=yes"
"Pozo Verde, una joya escondida en Zarcero","https://www.waze.com/ul?ll=10.256%2C-84.365&navigate=yes"
"Providencia de Dota","https://www.waze.com/ul?ll=9.553904%2C-83.86586&navigate=yes"
"Puente de los Cocodrilos (Río Tárcoles)","https://www.waze.com/ul?ll=9.8008654%2C-84.6061145&navigate=yes"
"Puerto Jiménez","https://www.waze.com/ul?ll=8.5354115%2C-83.3061343&navigate=yes"
"Puerto Viejo de Talamanca","https://www.waze.com/ul?ll=9.6564943%2C-82.7535654&navigate=yes"
"Punta Corralillo","https://www.waze.com/ul?ll=9.8994898%2C-84.7293693&navigate=yes"
"Punta Mala","https://www.waze.com/ul?ll=9.5206016%2C-84.5338409&navigate=yes"
"Quebrada Gata – San Carlos 💦🐾","https://www.waze.com/ul?ll=10.327%2C-84.249&navigate=yes"
"Rafiki Safari Lodge","https://www.waze.com/ul?ll=9.446543%2C-83.989556&navigate=yes"
"Rainmaker - Parrita","https://www.waze.com/ul?ll=9.5773362%2C-84.2142981&navigate=yes"
"Red Rubies: Cosechá felicidad entre frutas silvestres en Cartago","https://www.waze.com/ul?ll=9.92422501815302%2C-83.9018338783928&navigate=yes"
"Refugio de Aves Alexander Skutch - Los Cusingos","https://www.waze.com/ul?ll=9.33%2C-83.623&navigate=yes"
"Refugio de Vida Silvestre Barra del Colorado","https://www.waze.com/ul?ll=10.7337389%2C-83.7184525&navigate=yes"
"Refugio Mixto de Vida Silvestre Gandoca-Manzanillo","https://www.waze.com/ul?ll=9.6358327%2C-82.6526309&navigate=yes"
"Refugio Nacional Curú","https://www.waze.com/ul?ll=9.7911739%2C-84.9251954&navigate=yes"
"Reserva Biológica Isla del Caño","https://www.waze.com/ul?ll=8.7072947%2C-83.8817947&navigate=yes"
"Reserva Biológica Monteverde","https://www.waze.com/ul?ll=10.3158%2C-84.7962&navigate=yes"
"Reserva Ecológica Mosqueritos","https://www.waze.com/ul?ll=9.686%2C-83.936&navigate=yes"
"Reserva Karen Mogensen - Jicaral","https://www.waze.com/ul?ll=9.8697502%2C-85.0580083&navigate=yes"
"Reserva Natural Absoluta Cabo Blanco","https://www.waze.com/ul?ll=9.5627296%2C-85.1065681&navigate=yes"
"Rinconcito Lodge","https://www.waze.com/ul?ll=10.732706%2C-85.301054&navigate=yes"
"Río Celeste - Parque Nacional Volcán Tenorio","https://www.waze.com/ul?ll=10.658282%2C-84.9713512&navigate=yes"
"Río Cucaracho","https://www.waze.com/ul?ll=10.912%2C-85.313&navigate=yes"
"Río La Mina y mirador - Miramar","https://www.waze.com/ul?ll=10.159%2C-84.721&navigate=yes"
"Río Loro - Cartago: Un bosque urbano para desconectarse","https://www.waze.com/ul?ll=9.91%2C-83.945&navigate=yes"
"Río Pacuare","https://www.waze.com/ul?ll=9.9217242%2C-83.4574599&navigate=yes"
"RÍO PERDIDO – BAGACES","https://www.waze.com/ul?ll=10.594876%2C-85.201228&navigate=yes"
"Río Picagres - San José","https://www.waze.com/ul?ll=9.9016666%2C-84.3344836&navigate=yes"
"Roca Bruja & Playa Huevo","https://www.waze.com/ul?ll=10.551%2C-85.694&navigate=yes"
"Roca Verde - Bajos del Toro","https://www.waze.com/ul?ll=10.2144983%2C-84.297655&navigate=yes"
"Ruta del Agua","https://www.waze.com/ul?ll=9.352391%2C-83.84064&navigate=yes"
"Ruta del Agua – Cerros de Escazú 🌿💧","https://www.waze.com/ul?ll=9.893%2C-84.127&navigate=yes"
"Ruta Guana Clásico","https://www.waze.com/ul?ll=10.256%2C-84.365&navigate=yes"
"Ruta Pacífico Verde","https://www.waze.com/ul?ll=9.1635009%2C-83.7358514&navigate=yes"
"Salto Calvo - Hojancha","https://www.waze.com/ul?ll=9.978%2C-85.392&navigate=yes"
"Salto La Diosa - Limón","https://www.waze.com/ul?ll=10.2127003%2C-83.6866091&navigate=yes"
"Sámara - Guanacaste","https://www.waze.com/ul?ll=10.6267399%2C-85.4436706&navigate=yes"
"San Juanillo- Avellanas Grande","https://www.waze.com/ul?ll=10.031%2C-85.734&navigate=yes"
"San Vicente Hideaway - San Carlos","https://www.waze.com/ul?ll=10.279549%2C-84.3935183&navigate=yes"
"Santa Rosa & Junquillal - Guanacaste","https://www.waze.com/ul?ll=10.901%2C-85.732&navigate=yes"
"Santa Teresa y Montezuma 🌊🐴 | Vacaciones épicas en Puntarenas","https://www.waze.com/ul?ll=9.641%2C-85.16&navigate=yes"
"Senderos de Colón - Ciudad Colón","https://www.waze.com/ul?ll=9.9040953%2C-84.2480557&navigate=yes"
"Senderos La Arboleda - La Guácima","https://www.waze.com/ul?ll=9.9509643%2C-84.288444&navigate=yes"
"Sensoria - Aguas Claras","https://www.waze.com/ul?ll=10.856243%2C-85.346938&navigate=yes"
"Sitio Arqueológico Finca 6 (Esferas Diquís)","https://www.waze.com/ul?ll=8.9123205%2C-83.4781372&navigate=yes"
"SUP Herradura 🏄‍♂️🌴","https://www.waze.com/ul?ll=9.648%2C-84.651&navigate=yes"
"Territorio de Zaguates – Caminá con la manada más feliz del mundo 🐶💛","https://www.waze.com/ul?ll=10.09753%2C-84.153492&navigate=yes"
"TESORO ESCONDIDO - Bajos del Toro","https://www.waze.com/ul?ll=10.22%2C-84.29&navigate=yes"
"Tortuguero 🐢🌿","https://www.waze.com/ul?ll=10.4488767%2C-83.5069226&navigate=yes"
"Unkai","https://www.waze.com/ul?ll=9.82343%2C-84.245203&navigate=yes"
"Ventolera & Pico Blanco - Escazú","https://www.waze.com/ul?ll=9.9105841%2C-84.1642845&navigate=yes"
"Ventolera: El mejor potrero para escaparse en Escazú con picnic y papalotes 🪁☀️","https://www.waze.com/ul?ll=9.896%2C-85.159&navigate=yes"
"Verde Malakita","https://www.waze.com/ul?ll=9.908%2C-84.47&navigate=yes"
"Volcán Barva: Hiking entre neblina, lagunas y senderos épicos a solo 35 km de San José 🌋🌿","https://www.waze.com/ul?ll=10.13%2C-84.126&navigate=yes"
"Volcán Irazú - Sector Prusia","https://www.waze.com/ul?ll=9.9675%2C-83.8822&navigate=yes"
"Volcán Turrialba: Un gigante imponente con vista al infinito 🌋🌿","https://www.waze.com/ul?ll=10.0029697741044%2C-83.7585062548322&navigate=yes"
"Vuelta del Cañón 🌿💦 | Aventura extrema en Bajos del Toro","https://www.waze.com/ul?ll=10.238%2C-84.274&navigate=yes"
